question,golden_answer,golden_contexts,query_type,pubids_needed
"How do alcohol consumption patterns and major metabolic risk factors such as smoking, diabetes, and triglycerides influence the risk of myocardial infarction in men and women?","Both behavioral and biological factors causally influence myocardial infarction risk: alcohol consumed with meals was associated with a lower risk of myocardial infarction (OR 0.50, 95% CI 0.30–0.82 for ≥3 drinks/day), whereas alcohol consumed outside meals showed no protective effect (OR 0.98, 95% CI 0.49–1.96). In addition, smoking, diabetes, elevated triglycerides, and other metabolic factors significantly increased myocardial infarction risk, with several of these effects being stronger in women than in men.","[""In a case-control study of 507 myocardial infarction cases and 478 controls, alcohol consumed only with meals showed an inverse association with myocardial infarction risk, with ≥3 drinks/day associated with OR 0.50 (95% CI 0.30–0.82) compared with nondrinkers."","" Alcohol consumed outside meals showed no consistent benefit, with ≥3 drinks/day associated with OR 0.98 (95% CI 0.49–1.96)."","" In the Reykjavik cohort of 9681 women and 8888 men, serum cholesterol was a significant risk factor in both sexes."","" Fasting glucose ≥6.7 mmol/L was associated with HR 2.65 in women versus HR 2.08 in men."","" Left ventricular hypertrophy was associated with HR 2.89 in women versus HR 1.11 in men."","" Smoking increased myocardial infarction risk two- to five-fold in women, significantly higher than the approximately two-fold increase observed in men."","" Elevated triglycerides also conferred significantly higher risk in women than in men.""]",Multi-hop,"15475728, 12006913"
What were the p53 and PCNA expression rates in xanthogranulomatous cholecystitis compared with gallbladder carcinoma and chronic cholecystitis?,"In this study, p53 expression was found in 52% of gallbladder carcinoma cases, 3% of xanthogranulomatous cholecystitis cases, and 0% of chronic cholecystitis cases, while PCNA expression was detected in 65%, 11%, and 0% of these groups, respectively, showing that xanthogranulomatous cholecystitis had a low-expression inflammatory profile rather than a malignant one.","[""Sixty-nine gallbladder carcinoma cases, 65 xanthogranulomatous cholecystitis cases, and 18 chronic cholecystitis cases were analyzed."","" p53 positivity was 52% in gallbladder carcinoma, 3% in xanthogranulomatous cholecystitis, and absent in chronic cholecystitis."","" p53 expression was significantly lower in xanthogranulomatous cholecystitis than gallbladder carcinoma (P < 0.0001)."","" PCNA expression was present in 65% of gallbladder carcinoma, 11% of xanthogranulomatous cholecystitis, and absent in chronic cholecystitis."","" PCNA expression was significantly higher in gallbladder carcinoma than xanthogranulomatous cholecystitis (P = 0.0001).""]",Specificity,21459725
"What were the specificity percentages of late-night salivary cortisol, 24-hour urine-free cortisol, and the 1 mg dexamethasone suppression test for screening cortisol excess in obese patients with type 2 diabetes, and which test performed best?","In obese patients with type 2 diabetes, 24-hour urine-free cortisol showed the highest specificity at 90% (95% CI 76–97%), compared with 70% (95% CI 53–83%) for late-night salivary cortisol and 72% (95% CI 55–85%) for the 1 mg dexamethasone suppression test. Late-night salivary cortisol was significantly less specific than 24-hour urine-free cortisol (P = 0.039), while its specificity was comparable to the dexamethasone suppression test.","[""Forty obese patients with type 2 diabetes were evaluated for cortisol excess screening."","" Late-night salivary cortisol using a cutoff of 10 nmol/L showed 70% specificity (95% CI 53–83%)."","" 24-hour urine-free cortisol using a cutoff of 400 nmol showed 90% specificity (95% CI 76–97%)."","" Overnight 1 mg dexamethasone suppression test using a cutoff of 50 nmol/L showed 72% specificity (95% CI 55–85%)."","" Late-night salivary cortisol had significantly lower specificity than 24-hour urine-free cortisol (P = 0.039) but not significantly different from 1 mg DST (P > 0.99).""]",Specificity,22522271
"How do blood pressure readings taken by physicians, nurses, and patients at home compare in reliability and usefulness for managing hypertension?","Blood pressure measurement methods differ in reliability and clinical usefulness, with nurse-measured and home-monitored readings showing closer agreement with true or device-recorded blood pressure than physician measurements. Physician measurements tended to produce higher systolic readings, whereas nurse and patient-recorded home measurements showed minimal bias and greater consistency for clinical follow-up.","[""In treated hypertensive patients, physician-measured systolic blood pressure was significantly higher than nurse-measured systolic blood pressure by 5.16 mmHg (95% CI 2.62–7.7, p < 0.001) and higher than self-measured systolic blood pressure by 4.67 mmHg (95% CI 0.89–8.44, p = 0.016), while nurse and self-measured systolic readings showed no significant difference."","" Nurse-measured blood pressure showed higher sensitivity (92%) and negative predictive value (90%) than physician measurements (72% sensitivity and 74.1% negative predictive value), and nurse readings were reported to be almost identical to ambulatory blood pressure monitoring."","" In 39 stroke patients performing home blood pressure monitoring, 716 booklet-recorded readings were compared with 1027 monitor-recorded readings over one month."","" Ninety percent of home-recorded values exactly matched device readings, with average booklet readings only 0.6 mmHg systolic and 0.3 mmHg diastolic lower than monitor values, indicating minimal bias and high recording reliability.""]",Comparative,"15223725, 21084567"
How do biochemical mediators and acute physiological parameters differ in their ability to explain hemodynamic and vascular changes in hypertensive or related cardiovascular conditions?,"Biochemical markers and physiological parameters do not contribute equally to explaining hemodynamic changes. Endothelin-1 was strongly associated with hypotension and rebound hypertension during hemodialysis. In contrast, acute heart-rate changes induced pharmacologically did not significantly alter aortic stiffness in hypertensive patients, suggesting that not all physiological changes directly influence vascular function.","[""In a study of 45 patients with end-stage renal disease undergoing hemodialysis, post-dialysis Endothelin-1 levels decreased significantly in patients with dialysis-induced hypotension (8.56 versus 11.75 pg/ml, P < 0.001) and increased significantly in patients with rebound hypertension (16.39 versus 11.93 pg/ml, P < 0.001), while remaining stable in patients with stable hemodynamics."","" The hemodialysis study concluded that altered endothelin-1 levels may contribute to the pathogenesis of intradialytic hypotension and rebound hypertension."","" In a study of 17 patients with Hypertension, acute heart-rate increases induced by isoproterenol showed no significant effect on pulse wave velocity, aortic compliance, or compliance index (p > 0.05)."","" Regression analysis showed no meaningful correlation between heart-rate change and pulse wave velocity or compliance, with only 4.6% of compliance index variation explained by heart-rate changes, indicating that acute heart-rate variation did not significantly influence aortic stiffness.""]",Multi-Hop,"18568290, 15053041"
Do modifiable lifestyle and behavioral factors causally contribute to the development of hypertension in adults with initially optimal blood pressure?,"Modifiable lifestyle and behavioral factors were strong predictors of progression from optimal blood pressure to hypertension, indicating that they play a major causal role in hypertension development. Smoking, central obesity, and alcohol-related biochemical markers independently predicted later blood pressure increases and vascular changes over five years.|","[""In a five-year prospective study of 478 Black South African adults with initially optimal blood pressure, 24% developed hypertension during follow-up."","" Individuals who developed hypertension had a higher prevalence of smoking at baseline than those who remained normotensive (68.2% versus 49.8%), along with greater waist circumference and higher gamma-glutamyltransferase levels."","" Baseline gamma-glutamyltransferase independently predicted five-year blood pressure changes (R² = 0.23, β = 0.13, 95% CI 0.01–0.19), and alcohol intake predicted central systolic blood pressure and carotid cross-sectional wall area at follow-up."","" Waist circumference independently predicted blood pressure changes (β = 0.18, 95% CI 0.05–0.24), and the study concluded that the rise in hypertension was largely explained by modifiable behavioral risk factors.""]",Causal,22825590
How do hypertension alone and coexisting metabolic syndrome differ in their effects on cardiac structural remodeling in hypertensive patients?,"Hypertension appears to be the primary driver of left ventricular structural remodeling in hypertensive patients, regardless of the presence of metabolic syndrome. In contrast, metabolic syndrome selectively contributed to greater left atrial enlargement without significantly altering left ventricular dimensions or mass beyond changes associated with hypertension alone.","[""In a study of 75 hypertensive patients, 32 patients met criteria for Metabolic Syndrome, and cardiac dimensions were compared between hypertensive patients with and without metabolic syndrome as well as healthy controls."","" Compared with healthy controls, both hypertensive groups showed significantly increased interventricular septal thickness, posterior wall thickness, left atrial diameter, relative wall thickness, and left ventricular mass (p < 0.05)."","" The only significant structural difference between hypertensive patients with and without metabolic syndrome was a larger left atrial diameter in patients with metabolic syndrome (p = 0.019)."","" The study concluded that metabolic syndrome did not significantly influence left ventricular dimensions, while left atrial diameter correlated with the number of metabolic syndrome criteria (r = 0.51, p < 0.001), indicating that hypertension was the main determinant of ventricular remodeling.""]",Comparative,19155657
|Can sublingual varices serve as a useful non-invasive screening indicator for identifying previously unrecognized hypertension in routine clinical or dental settings?,"Sublingual varices can serve as a useful non-invasive screening indicator for hypertension, as their presence was significantly associated with elevated blood pressure and previously unrecognized hypertension. However, their predictive value was moderate, suggesting they are best used to complement rather than replace standard blood pressure assessment.","[""In an observational study of 431 dental patients, tongue appearance and blood pressure were evaluated, and sublingual varices were graded by two independent blinded observers using digital photographs."","" Patients with medium or severe sublingual varices had significantly higher mean systolic blood pressure (132 versus 123 mmHg, p < 0.0001) and diastolic blood pressure (83 versus 80 mmHg, p < 0.005) compared with those with none or few varices."","" Presence of sublingual varices was significantly associated with hypertension, with an odds ratio of 2.25 (p < 0.002)."","" Sublingual varices predicted hypertension with a positive predictive value of 0.50 and a negative predictive value of 0.80, and the study concluded that tongue examination could be a simple, safe screening method in preventive healthcare.""]",Specificity,26163474
Can desflurane safely control surgically induced hypertension without impairing left ventricular function in patients undergoing vascular surgery who are at risk for cardiac morbidity?,"Desflurane effectively controlled intraoperative hypertension in patients undergoing vascular surgery without causing measurable impairment in cardiac output, stroke volume, or left ventricular function. This suggests that desflurane can safely manage surgically induced hypertension in high-risk cardiac patients without major cardiac depressant effects.","[""In a study of 50 patients undergoing vascular surgery, 16 developed systolic hypertension at surgical incision, defined as systolic arterial pressure greater than 140 mmHg."","" Administration of desflurane at a mean end-tidal concentration of 5.1 ± 0.7% restored systolic arterial pressure to within 20% of post-induction values in all hypertensive patients."","" After desflurane administration, afterload parameters including systemic vascular resistance index, end-systolic wall stress, and left ventricular stroke work index returned toward baseline values."","" No significant changes were observed in heart rate, cardiac index, stroke volume, pulmonary arterial pressure, left ventricular chamber dimensions, fractional area change, or circumferential fiber shortening, and the study concluded that desflurane controlled hypertension without major cardiac depressant effects.""]",Specificity,10456814
How do multimodal or combination treatment strategies compare with single or limited therapies in their effects on survival and patient benefit across different metastatic cancers?,"Combined or multimodal treatment strategies do not consistently improve survival across cancers, as combined therapy significantly prolonged survival in nasopharyngeal carcinoma with isolated lung metastasis. In contrast, combination chemotherapy in high-risk metastatic breast cancer showed no survival advantage over single-agent therapy and mainly differed in toxicity and quality-of-life outcomes.","[""In a retrospective study of 246 patients with nasopharyngeal carcinoma and lung metastasis alone, patients receiving combined local and systemic therapy had significantly longer median post-metastasis survival (45.6 versus 23.7 months) and overall survival (73.7 versus 46.2 months) than those receiving chemotherapy alone (P < 0.001)."","" Multivariate analysis in the nasopharyngeal carcinoma study identified treatment modality as an independent prognostic factor for both post-metastasis and overall survival, and combined therapy particularly benefited patients with a disease-free interval greater than one year."","" In a randomized trial of 260 women with high-risk metastatic breast cancer, single-agent mitoxantrone showed no significant difference from combination fluorouracil, epirubicin, and cyclophosphamide therapy in response, time to progression, or overall survival."","" The breast cancer study found that toxicity and quality-of-life measures favored the single-agent treatment arm, with no subgroup demonstrating a survival advantage from combination chemotherapy.""]",Comparative,"21864397, 12419743"
How do serum leptin levels and EGFR mutation status differ in their prognostic and predictive value in advanced lung cancer?,"Cancer biomarkers are not consistently reliable as prognostic indicators, as serum leptin levels showed no association with clinicopathological factors or overall survival in advanced lung cancer. In contrast, EGFR mutation status predicted response to targeted therapy but did not significantly affect overall survival, demonstrating that some biomarkers may guide treatment response without independently predicting prognosis.","[""In a study of 71 previously untreated patients with advanced lung cancer, serum leptin levels were significantly lower than in healthy controls but showed no significant association with ECOG performance status, weight loss, histological type, disease stage, TNM classification, or overall survival."","" The leptin study concluded that serum leptin had no prognostic value and was not a useful clinical marker in advanced lung cancer."","" In a study of 57 patients with advanced non-small cell lung cancer, EGFR mutation status showed 87.7% concordance between serum and tumor samples and was significantly associated with response to EGFR tyrosine kinase inhibitors (P < 0.05)."","" Despite its association with treatment response, EGFR mutation status showed no significant association with overall survival in either serum-based or tumor-based analysis (P > 0.05).""]",Multi-Hop,"28127977, 22237146"
How do treatment-related interventions and tumor biological characteristics differ in their influence on survival outcomes in non-small cell lung cancer?,"Both treatment strategies and tumor biological characteristics influence survival in non-small cell lung cancer, but active treatment interventions such as chemotherapy show a clear independent survival benefit in advanced disease. In contrast, in surgically treated early-stage disease, survival is primarily influenced by tumor features such as histology, tumor size, and resection margin status rather than additional systemic treatment.","[""In a study of 190 patients with stage IIIB or IV non-small cell lung cancer, 144 received cytostatic chemotherapy and 46 received palliative treatment, and multivariate analysis identified chemotherapy as an independent predictor of longer survival (HR 1.85, P = 0.002)."","" The advanced lung cancer study concluded that chemotherapy significantly prolonged survival in routine clinical practice, particularly in patients with good performance status and no weight loss."","" In a surgical study of 436 patients with stage I non-small cell lung cancer who received curative resection without chemotherapy or radiotherapy, overall 5-year survival was 63%."","" Multivariate analysis showed that adenocarcinoma histology, tumor size of 3 cm or less, and negative bronchial resection margins were significant predictors of better survival, demonstrating the prognostic importance of tumor biological and pathological characteristics in early-stage disease.""]",Multi-Hop,"16827975, 11888773"
Under what clinical circumstances can serum-based EGFR mutation testing serve as a reliable alternative to tumor tissue analysis in patients with advanced non-small cell lung cancer?,"Serum-based EGFR mutation testing can serve as a reliable alternative in patients with advanced non-small cell lung cancer when obtaining tumor tissue is difficult or not feasible. Although not a complete substitute for tissue analysis, serum testing showed strong concordance with tumor mutation status and similarly predicted response to EGFR-targeted therapy.","[""A study of 57 paired tumor and serum samples from patients with advanced non-small cell lung cancer detected EGFR mutations in 12 tumor samples and 11 serum samples."","" EGFR mutation status was concordant between serum and tumor samples in 50 of 57 pairs, corresponding to an agreement rate of 87.7%."","" Mutations detected in serum samples showed a strong correlation with matched tumor samples (correlation index 0.62, P < 0.001)."","" Among patients receiving EGFR tyrosine kinase inhibitors, treatment response was significantly associated with EGFR mutation status identified in both serum and tumor samples (P < 0.05), and the study concluded that serum may be used when tumor tissue is difficult to obtain.""]",Specificity,22237146
"How do geographic access barriers and socioeconomic status differ in their impact on cancer diagnosis, treatment timing, and quality-of-life outcomes?","Access-related and socioeconomic factors influence early cancer outcomes in different ways, with greater travel burden being associated with later-stage diagnosis and delayed treatment in some cancers, while lower socioeconomic status is associated with poorer baseline quality of life. However, socioeconomic differences in quality of life were not maintained after treatment, suggesting that these factors may affect early presentation and baseline health status more consistently than post-treatment outcomes.","[""In a study of 3,917 Medicaid patients with breast, colorectal, or lung cancer, greater travel burden was associated with later-stage breast cancer diagnosis, with odds ratios of 1.488 per 100 driving miles and 1.270 per driving hour."","" The same study found that greater travel burden was associated with delayed colorectal cancer treatment, increasing time to surgery by 14.57 days per 100 driving miles and 5.86 days per driving hour."","" In a prospective study of 129 lung cancer patients, individuals of lower socioeconomic status had significantly poorer baseline quality-of-life measures, including reduced physical mobility, lower energy, poorer role functioning, and increased breathlessness compared with more affluent patients."","" At three-month follow-up after initial treatment, no significant quality-of-life differences remained between socioeconomic groups, suggesting similar treatment-related recovery despite baseline disparities.""]",Multi-Hop,"22236315, 12846929"
How do anatomical lymph node involvement and lymph node microenvironmental changes differ in their prognostic and staging value in lung cancer?,"Lymph node-related factors do not contribute equally to lung cancer staging and prognosis, as metastasis in station 9 lymph nodes had minimal effect on staging or survival despite being part of routine surgical evaluation. In contrast, immune microenvironmental changes within mediastinal lymph nodes were strongly associated with metastatic involvement and may provide additional prognostic or staging information beyond anatomical node assessment.","[""In a retrospective study of 1,397 patients undergoing radical surgery for primary lung cancer, the metastasis rate of station 9 lymph nodes was 3.45%, significantly lower than other mediastinal stations."","" The station 9 study found that omission of station 9 dissection would not alter staging in 99.63% of patients, and station 9 metastasis status had no significant influence on overall survival."","" In a study of 24 patients with non-small cell lung cancer, mediastinal lymph nodes containing metastases showed downregulation of T-cell receptor zeta chain expression, particularly in CD8-positive T cells."","" The same study demonstrated a marked reduction in myeloid CD11c-positive dendritic cells in lymph nodes with metastases, and similar immune changes were observed in nodes near the primary tumor even without detectable metastasis, suggesting microenvironmental alterations may independently predict metastatic risk.""]",Multi-Hop,"27554179, 19931500"
"Does gender independently predict survival after surgical resection for non-small cell lung cancer once clinical, pathological, and histological differences are accounted for?","Women with resected non-small cell lung cancer initially appeared to have better survival than men, but this advantage disappeared after adjusting for clinical and pathological confounders using propensity score matching. This suggests that gender alone was not an independent predictor of survival once differences in histology, stage, age, and smoking status were considered","[""A retrospective study of 2,770 patients undergoing pulmonary resection for non-small cell lung cancer included 1,689 men and 1,081 women."","" Women had a significantly higher proportion of adenocarcinoma (93.6% versus 61.7%) and stage I disease (71.4% versus 58.6%) compared with men (P < 0.001)."","" Unadjusted 5-year overall survival was significantly higher in women than in men (81% versus 70%, P < 0.001), with the survival difference observed primarily in the adenocarcinoma subgroup."","" After propensity score matching for age, smoking status, histology, and pathological stage, survival analysis showed no significant gender difference (P = 0.69), indicating that the apparent survival advantage was explained by confounding clinical and pathological factors.""]",Specificity,19327500
Is exclusive chemoradiation a safe alternative to surgical resection for patients with mid or low infiltrative rectal carcinoma who achieve complete clinical response after treatment?,"Exclusive chemoradiation is not a safe substitute for surgical resection in patients with low infiltrative rectal carcinoma, even when a complete clinical response is initially observed. Most patients managed without surgery developed early local recurrence, indicating that surgery remains necessary despite apparent response to chemoradiation","[""A study of 52 patients with mid or low rectal tumors treated with chemoradiation found a complete clinical response in 10 patients (19.2%), all of whom had low rectal tumors."","" Patients with low rectal tumors who achieved complete response were not initially submitted to surgery, whereas all other patients underwent surgical resection regardless of treatment response."","" Among the 10 patients with complete response managed without immediate surgery, 8 developed local recurrence within 3.7 to 8.8 months."","" In contrast, among 39 patients who underwent radical surgery after chemoradiation, local recurrence occurred in 7 patients (17.9%), and the study concluded that exclusive chemoradiation was not a safe treatment approach for low infiltrative rectal carcinoma.""]",Specificity,12095973
How do treatment center volume and cervical cancer screening practices differ in their impact on cancer outcomes across healthcare systems?,"Healthcare system factors influence cancer outcomes through different mechanisms, with treatment at high-volume rectal cancer centers being associated with better treatment quality, lower postoperative mortality, and improved long-term survival. In contrast, standard cervical cancer screening intervals may fail to detect invasive cancers early in younger women, indicating that screening effectiveness can vary across patient populations.|","[""In a population-based study of 18,605 patients with stage II or III rectal cancer, patients treated at high-volume centers after traveling longer distances had higher odds of adequate lymph node yield and receipt of neoadjuvant chemoradiation, lower 30-day mortality, lower 90-day mortality, and improved 5-year overall survival compared with patients treated locally at low-volume centers."","" After adjustment for patient, tumor, and hospital factors, patients treated at short-distance low-volume centers had higher 30-day mortality (OR 3.38), higher 90-day mortality (OR 2.07), and a 34% higher risk of overall mortality at 5 years compared with those treated at high-volume centers."","" In a retrospective study of 288 women with invasive cervical cancer, younger women aged under 30 years developed invasive adenocarcinoma an average of 15 months after a normal Pap test, compared with 56 months in women aged 30 years or older (p < 0.001)."","" The cervical cancer study concluded that while updated screening guidelines were generally adequate for women aged 30 years or older, women aged 21–29 years may be at increased risk of developing invasive cervical cancer between recommended screening intervals.""]",Multi-Hop,"29112560, 26859535"
How do molecular genotype markers and inflammatory biomarkers differ in their usefulness for guiding treatment response and predicting clinical outcomes in cancer management?,"Biomarkers differ in their clinical utility, with BRAF mutation in radioiodine-refractory thyroid cancer being associated with longer progression-free survival during tyrosine kinase inhibitor treatment but not serving as an independent prognostic factor. In contrast, preoperative C-reactive protein levels in localized prostate cancer showed no independent predictive value for pathological stage, nodal involvement, or surgical margin status.","[""In a retrospective study of 82 patients with metastatic radioiodine-refractory thyroid cancer, BRAF mutation was associated with significantly longer median progression-free survival during first-line tyrosine kinase inhibitor treatment compared with BRAF wild-type disease (34.7 months versus 11.6 months"","" p = 0.03)."","" Multivariate analysis in the thyroid cancer study showed that poorly differentiated thyroid carcinoma histology, rather than BRAF mutation, was the only independent prognostic factor for progression-free survival (HR 2.36, p = 0.048)."","" In a prospective study of 629 patients with clinically localized prostate cancer undergoing radical prostatectomy, elevated preoperative C-reactive protein levels showed no significant association with locally advanced tumor stage, lymph node metastases, or positive surgical margins in either univariate or multivariate analysis."","" The prostate cancer study concluded that preoperative C-reactive protein did not possess clinically useful predictive value for pathological outcomes in localized disease.""]",Comparative,"26285789, 25787073"
How does a history of prior benign prostate biopsy specifically influence pathological and biochemical outcomes after radical perineal prostatectomy for localized prostate cancer?,"Patients with localized prostate cancer who had at least one prior benign prostate biopsy showed more favorable pathological findings and improved biochemical disease-free survival after radical perineal prostatectomy. This prior diagnostic history was associated with more organ-confined disease, lower margin positivity, and a reduced likelihood of biochemical recurrence.|","[""A study of 1,369 patients undergoing radical prostatectomy identified 203 patients with at least one prior benign prostate biopsy and 1,115 patients with no prior biopsy as controls."","" Patients with prior benign biopsies had more organ-confined disease than controls (74% versus 64%, P < 0.001) and lower rates of positive surgical margins (9.8% versus 18%)."","" Biochemical failure occurred in 12% of patients with prior benign biopsy compared with 20% of controls (P = 0.01)."","" Kaplan-Meier analysis showed improved biochemical disease-free survival in patients with prior benign biopsy, and multivariable analysis showed a lower probability of biochemical failure (odds ratio 0.57, P < 0.001).""]",Specificity,15708048
"Which cytological preparation methods provide the most accurate detection of malignant findings in urinary cytology, particularly for high-grade urothelial lesions?","Liquid-based cytology preparations demonstrated higher diagnostic accuracy than conventional slide preparations for malignant urinary cytology, particularly in identifying high-grade urothelial lesions. ThinPrep showed the highest concordance with reference diagnoses, indicating that preparation method can specifically influence cytological detection accuracy.","[""In the College of American Pathologists interlaboratory comparison program, 34,551 classic urine preparations, 3,295 ThinPrep preparations, and 485 SurePath preparations were evaluated for malignant urinary cytology diagnoses."","" Concordance with the general category of positive-malignant was 92% for classic preparations, 96.5% for ThinPrep, and 94.6% for SurePath, with statistically significant differences between methods (P < .001)."","" Liquid-based preparations showed significantly better performance than classic preparations for the exact reference interpretation of high-grade urothelial carcinoma, carcinoma in situ, or dysplasia (P < .001)."","" The study concluded that liquid-based preparations facilitate more accurate diagnosis than conventional preparations in urinary cytology, particularly for malignant categories.""]",Specificity,20073599
How do intraoperative neuromonitoring and postoperative anastomotic leakage differ in their impact on long-term functional outcomes after rectal cancer surgery?,"Intraoperative neuromonitoring during total mesorectal excision was associated with significantly lower rates of postoperative urinary and anorectal dysfunction, indicating improved functional outcomes. In contrast, clinically significant anastomotic leakage after sphincter-preserving rectal resection did not significantly impair long-term continence or sphincter function, suggesting that adjunct technologies and postoperative complications may influence functional recovery differently.","[""In a matched case-control study of patients undergoing open total mesorectal excision, newly developed urinary dysfunction occurred in 1 of 15 patients with intraoperative neuromonitoring compared with 6 of 15 without it (p = 0.031), and impaired anorectal function was present in 1 of 15 patients with monitoring versus 6 of 15 controls (p = 0.031)."","" The neuromonitoring study concluded that total mesorectal excision with intraoperative neuromonitoring was associated with significantly lower rates of urinary and anorectal dysfunction."","" In a study of 150 patients undergoing curative sphincter-preserving rectal cancer surgery, functional outcomes were compared between 22 patients with clinically relevant anastomotic leakage and 128 patients with uneventful recovery."","" Patients with anastomotic leakage showed no significant difference in Cleveland Clinic continence scores or sphincter function compared with patients without complications, and the study concluded that continence function remained undisturbed after leakage.""]",Multi-Hop,"23810330, 12607120"
Under what training conditions can rectal cancer surgery achieve outcomes comparable to those of experienced consultants in total mesorectal excision?,"Rectal cancer surgery can achieve outcomes comparable to consultant-led procedures when senior colorectal trainees perform total mesorectal excision under direct consultant supervision. In this supervised setting, both surgical specimen quality and recurrence outcomes remained statistically similar between trainees and consultants.","[""A study of 130 consecutive patients undergoing potentially curative resection for primary rectal adenocarcinoma compared 89 consultant-performed operations with 41 operations performed by senior colorectal trainees under consultant supervision."","" Good-quality mesorectal excision was achieved in 49% of consultant cases and 41.5% of trainee cases, with no statistically significant difference between groups (P = 0.717)."","" Local recurrence occurred in 7.8% of consultant cases and 9.5% of trainee cases, with no statistically significant difference between groups (P = 0.719)."","" The study concluded that supervised colorectal trainees achieved mesorectal excision quality comparable to that of experienced consultants during total mesorectal excision.""]",Specificity,17032327
How do standard clinical examination guidelines and anorectal endosonography differ in their ability to support early detection and diagnosis of anorectal disorders?,"Standard clinical examination and current guidelines may fail to ensure early detection of anorectal malformations, with delayed diagnosis occurring in a substantial proportion of infants despite neonatal assessment. In contrast, anorectal endosonography effectively identified functional sphincter and puborectalis abnormalities in patients with dyschesia, indicating that advanced imaging can improve diagnostic accuracy for anorectal disorders.","[""A retrospective study of infants with anorectal malformations found that diagnosis was delayed beyond 24 hours in 14 of 44 referred patients (32%), and 12 patients had their condition missed despite undergoing neonatal examination."","" The anorectal malformation study concluded that current guidelines were insufficient to ensure prompt diagnosis of these conditions."","" In a prospective study comparing 20 patients with dyschesia and 20 healthy controls, anorectal endosonography showed paradoxical anal sphincter changes during straining in 85% of patients versus 35% of controls."","" The same study found paradoxical puborectalis changes in 80% of patients versus 30% of controls and concluded that anorectal endosonography effectively identified pelvic floor dyssynergia and related functional abnormalities.""]",Multi-Hop,"20337874, 12377809"
"How do demographic factors such as ethnicity, cultural background, age, and gestational stage compare in their association with Group B Streptococcus colonization among pregnant women across different populations?","Group B Streptococcus colonization differed significantly across ethnic or cultural groups in both populations, with higher prevalence observed in Arab women in northern Israel and in Muslim women in Melilla. However, neither gestational stage in the Israeli study nor age in the Melilla study showed significant differences, indicating that demographic influences on prevalence are population-specific rather than uniformly associated with all demographic variables.","[""In a prospective study of 700 pregnant women in northern Israel, overall Group B Streptococcus colonization was 16%, with significantly higher prevalence in Arab women (19%) than in Jewish women (13.7%, p=0.038)."","" The same Israeli study found no significant difference in Group B Streptococcus carrier rates between women at 24–37 weeks of gestation and women at term pregnancy."","" In a cross-sectional study of 280 pregnant women in Melilla, Group B Streptococcus prevalence differed between Muslim and Christian cultural groups, with higher prevalence reported in the Muslim population."","" The Melilla study found no significant difference in Group B Streptococcus prevalence across age groups, including women aged 25 years or younger, 26–34 years, and 35 years or older.""]",Comparative,"17220021, 27405146"
How do central venous pressure and colloid preloading differ in their usefulness for predicting and controlling cardiovascular responses in clinical settings?,"Central venous pressure alone does not reliably predict fluid responsiveness, showing weak correlation with changes in cardiac performance across clinical studies. In contrast, colloid preloading before seated positioning helped maintain systolic blood pressure and central venous pressure without added complications, demonstrating that targeted interventions may stabilize hemodynamics even when common indicators have limited predictive value.","[""A meta-analysis of 43 studies found that baseline central venous pressure had a pooled area under the receiver operating characteristic curve of 0.56 and a pooled correlation coefficient of 0.18 with changes in stroke volume index or cardiac index, indicating poor ability to predict fluid responsiveness."","" The meta-analysis concluded that there are no data supporting the widespread use of central venous pressure to guide fluid therapy and recommended abandoning this approach."","" In a randomized double-blind study of 20 neurosurgical patients, those preloaded with 10 ml/kg colloid before anesthesia and seated positioning maintained systolic blood pressure at 15, 20, and 30 minutes and central venous pressure at 15, 25, and 30 minutes significantly better than controls."","" The colloid preloading study concluded that preoperative colloid administration could prevent decreases in systolic blood pressure and central venous pressure during seated positioning without additional complications.""]",Multi-Hop,"23774337, 15962678"
How do modified clinical strategies such as omitting balloon predilatation during transcatheter aortic valve implantation compare with standard epidural analgesia implementation in terms of achieving effective clinical outcomes across patients?,"Omitting balloon predilatation during transcatheter aortic valve implantation produced early hemodynamic outcomes and complication rates comparable to the standard procedure, indicating that a simplified procedural approach can be effective. In contrast, although epidural analgesia for labor was implemented successfully and safely with high satisfaction overall, patient responses varied, with a subgroup experiencing less effective pain reduction. These findings show that simplified clinical strategies may achieve outcomes comparable to standard approaches, while standard implementations may still produce variable effectiveness across patients.","[""In a randomized study of 60 transcatheter aortic valve implantation patients, omitting balloon predilatation produced no significant differences in early hemodynamic results or complication rates compared with the standard procedure including predilatation, demonstrating comparable short-term procedural outcomes."","" The transcatheter aortic valve implantation study concluded that the procedure could be performed safely without balloon predilatation while reducing the number of pacing periods required."","" In a two-year audit of labor epidural analgesia, usage increased from 15.5% to 51% of all labors, with good patient and caregiver satisfaction and no major maternal or fetal safety concerns."","" Cluster analysis of 1228 women receiving epidural analgesia identified one subgroup of 226 women whose pain scores decreased from 8.5 to 4.1, compared with a larger subgroup of 1002 women whose scores decreased from 8.12 to 0.76, showing variable analgesic effectiveness despite standard implementation.""]",Comparative,"27491658, 23690198"
"How do continuous low-dose epinephrine infusion in gravid ewes and lung ischemia-reperfusion in pigs differ in their effects on vascular flow, hemodynamic responses, and associated biological markers?","Continuous low-dose intravenous epinephrine infusion in gravid ewes produced no measurable changes in uterine blood flow or maternal hemodynamic variables, whereas lung ischemia-reperfusion in pigs caused significant reductions in coronary blood flow, altered ventricular pressure profiles, and increased cardiac injury and inflammatory markers. These findings show that physiological interventions can produce markedly different biological effects depending on the intervention and physiological context.","[""In gravid ewes, continuous intravenous infusion of epinephrine at doses ≤1.67 μg/min did not alter uterine blood flow, maternal heart rate, blood pressure, cardiac output, or acid-base balance, although a separate 15 μg bolus transiently reduced uterine blood flow to 68% of baseline."","" In pigs, 60 minutes of lung ischemia followed by reperfusion reduced total coronary blood flow by up to 37.1% from baseline, produced persistent changes in left and right ventricular pressures, and left the control group unchanged."","" During lung ischemia-reperfusion, cardiac troponin increased by 138% and interleukin-6 increased by 228% from baseline, indicating cardiac injury and inflammatory activation."","" Comparing these intervention outcomes shows that one physiological intervention produced no measurable circulatory changes under continuous low-dose exposure, whereas another caused substantial hemodynamic and inflammatory effects, requiring integration of evidence from both studies.""]",Multi-Hop,"7547656, 21900017"
Do limitations in both cervical cancer screening intervals and diagnostic sensitivity contribute to missed or delayed detection of disease?,"Yes, both screening interval limitations and diagnostic sensitivity gaps contribute to missed or delayed detection. Younger women may develop cancer between recommended screening intervals, and rapid prescreening detects only a minority of glandular abnormalities, missing some cases identified by full screening.","[""In women <30 years, time from normal Pap to diagnosis is shorter (IAC: 15 vs 56 months"","" ISCC: 38 vs 82 months, p<0.05), indicating potential missed detection within screening intervals"","" updated screening guidelines may increase risk of missed cancers in younger women"","" rapid prescreening detects only 36.4% of glandular abnormalities (39/107 cases)"","" among cases with histologic follow-up, only 54.2% of high-grade lesions/carcinomas were flagged by RPS"","" 11 glandular abnormality cases were detected by RPS but missed by full screening, including cases of adenocarcinoma"","" total dataset includes 80,565 Pap smears with 107 glandular abnormalities (0.13%)""]",Multi-Hop,"26859535, 26348845"
"What were the AUC values of FDG-PET for detecting metastatic lesions in hyperglycaemic DM, euglycaemic DM, and non-DM patients, and were these differences statistically significant?","The AUC values were 0.967 (hyperglycaemic DM), 0.947 (euglycaemic DM), and 0.925 (non-DM), with no statistically significant differences (P>0.05).","[""Total patients 219 (16 hyperglycaemic DM, 12 euglycaemic DM, 191 non-DM)"","" AUC for metastatic lesion detection: 0.967 (hyperglycaemic DM), 0.947 (euglycaemic DM), 0.925 (non-DM)"","" no significant difference across groups (P>0.05)"","" AUC for primary/recurrent tumors: 0.950, 0.938, 0.979 respectively (P>0.05)"","" FDG-PET outperforms MRI/CT in DM patients for metastasis detection (AUC 0.956 vs 0.824, P=0.012)""]",Specificity,15703931
"What were the lymph node metastasis rates in NACT responders versus non-responders, and was there a significant difference in metastasis distribution between NACT and primary surgery groups?",Lymph node metastasis rates were 18.4% in NACT responders and 38.6% in non-responders. There was no significant difference in metastasis distribution between NACT and primary surgery groups (p=0.081).,"[""Total cohort size 3527 patients"","" matched groups included 167 patients (primary surgery) and 140 patients (NACT) with lymph node metastasis"","" no significant difference in metastasis distribution between groups (p=0.081)"","" metastasis incidence significantly lower in NACT responders vs non-responders (18.4% vs 38.6%, p<0.001)"","" metastatic rates declined across most lymph node groups except deep inguinal and para-aortic nodes"","" response to NACT not independently associated with upper lymph node metastasis""]",Specificity,25859857
Is higher population-level cancer screening coverage associated with reduced economic inequality in screening participation in middle-income countries?,"Higher cancer screening coverage is associated with reduced economic inequality in participation. Countries with higher screening coverage show substantially lower inequality indices, consistent with the inverse equity hypothesis.","[""Breast cancer screening coverage varies from 10.5% (South Africa) to 43% (Mexico)"","" cervical screening coverage ranges from 24% (South Africa) to 81.5% (Russia)"","" inequality in breast screening decreases with higher coverage (RII: 14.57 South Africa, 4.90 China, 2.01 Mexico, 1.04 Russia)"","" similar pattern for cervical screening (RII: 3.60 China, 2.47 South Africa, 1.39 Mexico, 1.12 Russia)"","" high-coverage countries show low or near-zero inequality"","" findings consistent with inverse equity hypothesis""]",Causal,25311479
Do exercise interventions lead to consistent improvements in both physiological fitness and postnatal depression outcomes across different populations?,"Exercise interventions do not lead to consistent improvements across outcomes. They improve physiological fitness in sedentary individuals but do not significantly reduce postnatal depression overall, with benefits observed only in specific subgroups.","[""Affect-regulated exercise increases time to ventilatory threshold by 19% (318s vs 248s), indicating improved fitness"","" training performed at ~50% VO2 max with >92% adherence"","" exercise during pregnancy shows no significant reduction in postnatal depression overall (EPDS ≥10: 3.7% vs 5.0%, p=0.46"","" EPDS ≥13: 1.2% vs 2.4%, p=0.25)"","" subgroup of previously inactive women shows reduced depression risk (2.0% vs 9.5%, p=0.03)"","" intervention involved 12-week structured exercise program during pregnancy""]",Multi-Hop,"22658587, 21880023"
Do preoperative statin therapy and laparoscopic surgery reduce the risk of postoperative atrial fibrillation in different surgical settings?,"Both preoperative statin therapy and laparoscopic surgery are associated with reduced risk of postoperative atrial fibrillation in their respective clinical settings, although their effects are context-specific.","[""Preoperative statin therapy reduces AF incidence after CABG (16% vs 33%, p=0.005)"","" statin therapy is an independent predictor of reduced AF risk (OR 0.327, p=0.05)"","" overall postoperative AF incidence in CABG cohort is 26%"","" laparoscopic surgery associated with lower AF risk in foregut surgery (OR 0.09, p=0.04)"","" AF incidence in foregut surgery cohort is 12% baseline"","" age is an independent predictor of AF in both settings (CABG OR 1.058, foregut OR 1.08)"","" laparoscopic surgery reduces AF risk after adjusting for surgery type"","" nonthoracic surgery also associated with reduced AF risk""]",Multi-Hop,"21881325, 18322741"
Do ganglionated plexi (GP) ablation during Maze IV and left atrial appendage (LAA) occlusion affect similar clinical outcomes in atrial fibrillation patients?,"GP ablation and LAA occlusion do not affect similar clinical outcomes. GP ablation does not improve long-term sinus rhythm maintenance, while LAA occlusion primarily alters ECG parameters without demonstrating improvement in echocardiographic structure or rhythm outcomes.","[""GP ablation shows no significant difference in long-term sinus rhythm off antiarrhythmic drugs (75.5% vs 67.8%, p=0.08)"","" absence of GP ablation is not an independent predictor of AF recurrence (p=0.12)"","" AF recurrence associated with factors like AF duration ≥38 months, larger left atrial size, and absence of complete lesion sets"","" LAA occlusion leads to changes in ECG parameters including reduced heart rate, altered QT interval, and QRS axis shift"","" no significant change in echocardiographic parameters immediately after LAA occlusion"","" follow-up shows increased left atrial diameter at 6 months and increased aortic root diameter at 12 months"","" LAA occlusion study does not demonstrate improvement in long-term rhythm maintenance""]",Comparative,"25985014, 27131771"
"Is the KCNQ1 mutation alone sufficient to cause atrial fibrillation, or are additional factors such as atrial stretch or hypertension required?","The KCNQ1 mutation alone is not sufficient to cause atrial fibrillation. Additional factors such as atrial stretch, often related to hypertension and aging, are required to trigger the condition.","[""KCNQ1 mutation identified"","" AF occurs only in individuals with atrial dilation"","" no baseline channel difference"","" stretch increases mutant channel activity"","" atrial stretch acts as second hit"","" age-related increase in AF""]",Causal,17276182
"What is the correlation between complex fractionated atrial electrograms (CFAE) and sinus rhythm fractionation (SRF), and how does SRF distribution differ between atrial fibrillation patients and controls?",The correlation between CFAE and SRF is weak and not significant (r ≈ 0.2). SRF distribution does not differ significantly between atrial fibrillation patients and controls (P = 0.74).,"[""CFAE–SRF correlation r≈0.2 (not significant)"","" SRF distribution similar between AF patients and controls (P=0.74)"","" minimal spatial overlap between CFAE and SRF""]",Specificity,21946341
Do postoperative nomograms and preoperative C-reactive protein (CRP) levels have similar ability to predict clinically relevant outcomes in prostate cancer?,"Postoperative nomograms and preoperative CRP levels do not have similar predictive ability. Nomograms accurately predict outcomes such as prostate cancer-specific mortality, whereas CRP does not reliably predict tumor stage, metastasis, or surgical outcomes.","[""Nomograms predict PCSM with higher accuracy than BCR"","" CRP not associated with advanced stage, metastasis, or margin status"","" CRP not significant in multivariate analysis"","" weak association with tumor differentiation not sustained""]",Comparative,"23806388, 25787073"
Do prior benign prostate biopsy and year of surgery have similar predictive value for outcomes after radical prostatectomy?,"Prior benign biopsy and year of surgery do not have similar predictive value. Prior benign biopsy is independently associated with better pathological features and improved survival, whereas the effect of year of surgery disappears after adjustment for clinical and pathological factors.","[""Prior biopsy linked to more organ-confined disease, lower margin positivity, and reduced biochemical failure"","" year predicts outcome preoperatively but not after adjustment"","" outcomes improve until mid-1990s then plateau""]",Comparative,"15708048, 14713788"
"Does age alone determine the benefit of curative therapy in older men with localized prostate cancer, or do tumor characteristics and comorbidity play a larger role?","Age alone does not determine the benefit of curative therapy. Clinical benefit depends more on tumor differentiation and comorbidity, with improved life expectancy and quality-adjusted life expectancy mainly in patients with favorable tumor characteristics and low comorbidity.","[""Curative therapy improves LE and QALE in moderately/poorly differentiated tumors"","" benefits up to age 75–80"","" no QALE gain in well-differentiated tumors"","" benefits limited to low comorbidity"","" tumor characteristics and comorbidity drive outcomes""]",Specificity,12947068
"Do manic and mixed episode classifications remain stable over time, and does the diagnosis of bipolar disorder vary depending on the diagnostic method used?","Manic and mixed episode classifications show stability over time, but the diagnosis of bipolar disorder varies widely depending on the diagnostic method used, with different criteria producing substantially different prevalence estimates.","[""Manic and mixed episodes remain consistent over time beyond chance"","" diagnostic stability observed across episodes"","" prevalence varies from 11.6% to 58.7% depending on method"","" different diagnostic approaches show partial overlap"","" diagnosis depends on criteria used""]",Multi-Hop,"11481172, 22954812"
Do AVPR1A genetic variants and affective disorder polarity independently predict behavioral outcomes such as hypersexuality or suicidal behavior?,"AVPR1A genetic variants and affective disorder polarity do not independently predict these behavioral outcomes. AVPR1A variants are not associated with hypersexuality, and affective disorder polarity does not influence suicidal behavior risk or modify known risk factors.","[""AVPR1A variants show no association with hypersexuality"","" no preferential transmission observed"","" polarity not associated with suicidal behavior"","" age, hopelessness, and substance abuse predict risk"","" risk factor effects do not differ by polarity""]",Multi-Hop,"16403186, 18667100"
Is aripiprazole associated with an increased risk of pathological gambling in patients with psychiatric conditions?,"Aripiprazole may be associated with pathological gambling, but the evidence is limited and causality remains uncertain based on case reports.","[""7 out of 8 cases show possible causality"","" patients had prior gambling/addiction history"","" mechanism linked to dopamine partial agonist activity""]",Causal,"18667100, 24315783"
Do dexamethasone and prednisone for acute asthma exacerbations and inhaled steroids versus cromones for maintenance asthma treatment show similar effectiveness in clinical outcomes?,"Dexamethasone and prednisone show similar effectiveness in treating acute asthma exacerbations, whereas inhaled steroids are more effective than cromones in reducing hospital admissions in maintenance asthma treatment.","[""Dexamethasone not inferior to prednisone with similar symptom resolution and revisit rates"","" improved compliance and less vomiting"","" inhaled steroids associated with lower hospital admissions, fewer first admissions, and fewer hospital days compared to cromones""]",Comparative,"24785562, 15841770"
Do frequent fast food consumption and higher body mass index have similar effects on asthma symptoms and asthma control?,"Frequent fast food consumption and higher body mass index do not have similar effects. Fast food intake is associated with increased asthma symptoms such as wheeze and bronchial hyperresponsiveness, whereas higher body mass index is not associated with worse asthma control.","[""Frequent hamburger consumption shows dose-dependent association with wheeze"","" takeaway consumption linked to bronchial hyperresponsiveness"","" associations remain after adjusting for lifestyle factors"","" BMI not associated with asthma control across multiple questionnaires"","" no association even after adjusting for lung function, smoking, and comorbidities""]",Multi-Hop,"16266387, 19615731"
Do parental restriction of R-rated movie viewing and showing antismoking advertisements before movies have similar effects on smoking-related behaviors in young people?,"Parental restriction of R-rated movie viewing and antismoking advertisements before movies do not have similar effects. Parental restriction reduces smoking susceptibility and rates, while advertisements can reduce acceptance among non-smokers but increase smoking intentions among current smokers.","[""Parental restriction reduces smoking susceptibility and rates"","" lack of restriction increases susceptibility (OR up to 3.3)"","" advertisements increase negative perception in non-smokers"","" no change in non-smoker intention"","" increased smoking intention among smokers""]",Multi-Hop,"17259061, 17565137"
Do prenatal cigarette exposure and childhood violence exposure predict adolescent delinquent behavior more strongly than intrauterine cocaine exposure?,"prenatal cigarette exposure and childhood violence exposure are stronger predictors of adolescent delinquent behavior than intrauterine cocaine exposure, which is not significantly associated with delinquency.","[""Cocaine exposure not significantly associated with delinquency"","" prenatal cigarette exposure (≥ half pack/day) significantly associated"","" childhood violence exposure significantly associated"","" results from multivariate model""]",Causal,21558951
Do surgical risk factors and the use of nasogastric tubes differ in their effect on staple line leak rates after laparoscopic sleeve gastrectomy?,"Surgical risk factors and the use of nasogastric tubes differ in their effect. Factors such as longer operation time and intraoperative complications are associated with higher leak rates, while the use of nasogastric tubes does not reduce the incidence of leaks.","[""Leak rates decreased over time (6.5% to 1.4%)"","" longer operation time is an independent predictor"","" other factors include BMI, gender, sleep apnea, intraoperative complications, conversion to laparotomy"","" nasogastric tube does not reduce leak incidence"","" no significant operative differences between groups""]",Multi-Hop,"24748473, 24476003"
Does changing resected stomach volume during primary sleeve gastrectomy and performing revision fundectomy after surgery differ in their impact on weight loss outcomes?,"Changing resected stomach volume during primary sleeve gastrectomy does not significantly affect weight loss, whereas revision fundectomy after surgery can lead to additional weight loss, particularly in patients with inadequate initial outcomes.","[""Resected stomach volume does not affect %EBWL"","" associated with preoperative BMI but not outcomes"","" fundectomy used in patients with inadequate weight loss or GERD"","" leads to additional weight loss (~53.4% EWL)"","" associated with postoperative complications""]",Multi-Hop,"24827404, 25480629"
Do DKK3 expression and body mass index differ in how reliably they predict survival outcomes in gastric cancer patients?,"DKK3 expression and body mass index differ in predictive reliability. Loss of DKK3 is consistently associated with lymph node metastasis and poorer survival, whereas the effect of body mass index on survival varies by cancer stage and is not consistent across all patients.","[""Loss of DKK3 linked to lymph node metastasis, advanced TNM stage, and poorer survival"","" improves prediction with CT"","" lower BMI better survival in stage 2"","" higher BMI better survival in stage 3a"","" BMI not predictive in stages 1a, 1b, 3b, 4a""]",Comparative,"25604390, 12630042"
